<?xml version="1.0" encoding="UTF-8"?>
<!DOCTYPE mapper PUBLIC "-//mybatis.org//DTD Mapper 3.0//EN"
"http://mybatis.org/dtd/mybatis-3-mapper.dtd">
<mapper namespace="possg.com.a.dao.EmployeeDao">
	<!-- 직원 정보 추가 -->
	<insert id="addemployee" parameterType="possg.com.a.dto.EmployeeDto">
		INSERT INTO Employee (emp_name, conv_seq, birth_date, gender, phone_number, hire_date, salary)
        VALUES (#{empName}, #{convSeq}, #{birthDate}, #{gender}, #{phoneNumber}, #{hireDate}, #{salary})
	</insert>
	
	<!-- 직원 정보 수정 -->
	<update id="updateEmployee" parameterType="possg.com.a.dto.EmployeeDto">
	    UPDATE Employee
	    SET emp_name = #{empName}, birth_date = #{birthDate}, gender = #{gender},
	        phone_number = #{phoneNumber}, salary = #{salary}
	    WHERE employee_seq = #{employeeSeq}
	</update>
	
	<!-- 단일 직원 이름으로 조회 -->
	<select id="findemployee" parameterType="possg.com.a.dto.EmployeeDto" resultType="possg.com.a.dto.EmployeeParam">
	    SELECT 
	    	e.employee_seq AS employeeSeq,
	    	c.branch_name AS branchName,
	        e.emp_name AS empName,
	        e.birth_date AS birthDate,
	        e.gender AS gender,
	        e.phone_number AS phoneNumber,
	        e.hire_date AS hireDate,
	        e.termination_date AS terminationDate,
	        e.salary AS salary	 
	    FROM Employee e
	    JOIN Convenience c ON e.conv_seq = c.conv_seq
	    WHERE emp_name LIKE CONCAT('%', #{empName}, '%') and c.conv_seq = #{convSeq}
	</select>
	
	 <!-- 모든 직원 조회 -->
    <select id="findallemployee" parameterType="java.lang.Integer" resultType="possg.com.a.dto.EmployeeParam">
        SELECT 
        	e.employee_seq AS employeeSeq,
	    	c.branch_name AS branchName,
	        e.emp_name AS empName,
	        e.birth_date AS birthDate,
	        e.gender AS gender,
	        e.phone_number AS phoneNumber,
	        e.hire_date AS hireDate,
	        e.termination_date AS terminationDate,
	        e.salary AS salary	 
	    FROM Employee e
	    JOIN Convenience c ON e.conv_seq = c.conv_seq
        WHERE c.conv_seq = #{convSeq}
    </select>

    <!-- 직원 퇴사 처리 (퇴사일 업데이트) -->
    <update id="terminateEmployee" parameterType="java.lang.Integer">
        UPDATE Employee
        SET termination_date = now()
        WHERE employee_seq = #{employeeSeq}
    </update>
</mapper>

